--
-- File generated with SQLiteStudio v3.4.4 on Wed Jun 28 09:03:11 2023
--
-- Text encoding used: UTF-8
--
PRAGMA foreign_keys = off;
BEGIN TRANSACTION;

-- Table: CHARTER
CREATE TABLE IF NOT EXISTS CHARTER (CHARTRIP TEXT (5) PRIMARY KEY UNIQUE NOT NULL, CHAR_DATE TEXT, AC_NUMBER TEXT (5), CHAR_DESTINATION TEXT (3), CHAR_DISTANCE INTEGER, CHAR_HOURS_FLOWN REAL, CHAR_FUEL_GALLONS REAL, CHAR_OIL_QTS INTEGER, CUS_CODE INTEGER REFERENCES CUSTOMER (CUS_CODE));
INSERT INTO CHARTER (CHARTRIP, CHAR_DATE, AC_NUMBER, CHAR_DESTINATION, CHAR_DISTANCE, CHAR_HOURS_FLOWN, CHAR_FUEL_GALLONS, CHAR_OIL_QTS, CUS_CODE) VALUES ('10008', '2022-01-18', '1484P', 'TYS', 644, 4.1, 140.6, 1, 10014);
INSERT INTO CHARTER (CHARTRIP, CHAR_DATE, AC_NUMBER, CHAR_DESTINATION, CHAR_DISTANCE, CHAR_HOURS_FLOWN, CHAR_FUEL_GALLONS, CHAR_OIL_QTS, CUS_CODE) VALUES ('10007', '2022-01-17', '2778V', 'GNV', 1574, 7.9, 348.4, 2, 10012);
INSERT INTO CHARTER (CHARTRIP, CHAR_DATE, AC_NUMBER, CHAR_DESTINATION, CHAR_DISTANCE, CHAR_HOURS_FLOWN, CHAR_FUEL_GALLONS, CHAR_OIL_QTS, CUS_CODE) VALUES ('10006', '2022-01-17', '4278Y', 'STL', 472, 2.6, 117.1, 0, 10017);
INSERT INTO CHARTER (CHARTRIP, CHAR_DATE, AC_NUMBER, CHAR_DESTINATION, CHAR_DISTANCE, CHAR_HOURS_FLOWN, CHAR_FUEL_GALLONS, CHAR_OIL_QTS, CUS_CODE) VALUES ('10005', '2022-01-17', '2289L', 'ATL', 1023, 5.7, 397.7, 2, 10011);
INSERT INTO CHARTER (CHARTRIP, CHAR_DATE, AC_NUMBER, CHAR_DESTINATION, CHAR_DISTANCE, CHAR_HOURS_FLOWN, CHAR_FUEL_GALLONS, CHAR_OIL_QTS, CUS_CODE) VALUES ('10004', '2022-01-17', '1484P', 'STL', 472, 2.9, 97.2, 1, 10019);
INSERT INTO CHARTER (CHARTRIP, CHAR_DATE, AC_NUMBER, CHAR_DESTINATION, CHAR_DISTANCE, CHAR_HOURS_FLOWN, CHAR_FUEL_GALLONS, CHAR_OIL_QTS, CUS_CODE) VALUES ('10003', '2022-01-16', '4278Y', 'GNV', 1574, 7.8, 339.8, 2, 10014);
INSERT INTO CHARTER (CHARTRIP, CHAR_DATE, AC_NUMBER, CHAR_DESTINATION, CHAR_DISTANCE, CHAR_HOURS_FLOWN, CHAR_FUEL_GALLONS, CHAR_OIL_QTS, CUS_CODE) VALUES ('10002', '2022-01-16', '2778V', 'BNA', 320, 1.6, 72.6, 0, 10016);
INSERT INTO CHARTER (CHARTRIP, CHAR_DATE, AC_NUMBER, CHAR_DESTINATION, CHAR_DISTANCE, CHAR_HOURS_FLOWN, CHAR_FUEL_GALLONS, CHAR_OIL_QTS, CUS_CODE) VALUES ('10001', '2022-01-16', '2286L', 'ATL', 936, 5.1, 354.1, 1, 10011);
INSERT INTO CHARTER (CHARTRIP, CHAR_DATE, AC_NUMBER, CHAR_DESTINATION, CHAR_DISTANCE, CHAR_HOURS_FLOWN, CHAR_FUEL_GALLONS, CHAR_OIL_QTS, CUS_CODE) VALUES ('10018', '2022-01-21', '4278Y', 'TYS', 644, 3.8, 167.4, 0, 10017);
INSERT INTO CHARTER (CHARTRIP, CHAR_DATE, AC_NUMBER, CHAR_DESTINATION, CHAR_DISTANCE, CHAR_HOURS_FLOWN, CHAR_FUEL_GALLONS, CHAR_OIL_QTS, CUS_CODE) VALUES ('10017', '2022-01-21', '1484P', 'STL', 508, 3.1, 105.5, 0, 10014);
INSERT INTO CHARTER (CHARTRIP, CHAR_DATE, AC_NUMBER, CHAR_DESTINATION, CHAR_DISTANCE, CHAR_HOURS_FLOWN, CHAR_FUEL_GALLONS, CHAR_OIL_QTS, CUS_CODE) VALUES ('10016', '2022-01-20', '2778V', 'MQY', 312, 1.5, 67.2, 0, 10011);
INSERT INTO CHARTER (CHARTRIP, CHAR_DATE, AC_NUMBER, CHAR_DESTINATION, CHAR_DISTANCE, CHAR_HOURS_FLOWN, CHAR_FUEL_GALLONS, CHAR_OIL_QTS, CUS_CODE) VALUES ('10015', '2022-01-20', '2289L', 'GNV', 1645, 6.7, 459.5, 2, 10016);
INSERT INTO CHARTER (CHARTRIP, CHAR_DATE, AC_NUMBER, CHAR_DESTINATION, CHAR_DISTANCE, CHAR_HOURS_FLOWN, CHAR_FUEL_GALLONS, CHAR_OIL_QTS, CUS_CODE) VALUES ('10014', '2022-01-20', '4278Y', 'ATL', 936, 6.1, 302.6, 0, 10017);
INSERT INTO CHARTER (CHARTRIP, CHAR_DATE, AC_NUMBER, CHAR_DESTINATION, CHAR_DISTANCE, CHAR_HOURS_FLOWN, CHAR_FUEL_GALLONS, CHAR_OIL_QTS, CUS_CODE) VALUES ('10013', '2022-01-19', '4278Y', 'TYS', 644, 3.9, 174.3, 1, 10011);
INSERT INTO CHARTER (CHARTRIP, CHAR_DATE, AC_NUMBER, CHAR_DESTINATION, CHAR_DISTANCE, CHAR_HOURS_FLOWN, CHAR_FUEL_GALLONS, CHAR_OIL_QTS, CUS_CODE) VALUES ('10012', '2022-01-19', '2778V', 'MOB', 884, 4.8, 215.1, 0, 10010);
INSERT INTO CHARTER (CHARTRIP, CHAR_DATE, AC_NUMBER, CHAR_DESTINATION, CHAR_DISTANCE, CHAR_HOURS_FLOWN, CHAR_FUEL_GALLONS, CHAR_OIL_QTS, CUS_CODE) VALUES ('10011', '2022-01-18', '1484P', 'BNA', 352, 1.9, 66.4, 1, 10012);
INSERT INTO CHARTER (CHARTRIP, CHAR_DATE, AC_NUMBER, CHAR_DESTINATION, CHAR_DISTANCE, CHAR_HOURS_FLOWN, CHAR_FUEL_GALLONS, CHAR_OIL_QTS, CUS_CODE) VALUES ('10010', '2022-01-18', '4278Y', 'ATL', 996, 6.2, 279.7, 0, 10016);
INSERT INTO CHARTER (CHARTRIP, CHAR_DATE, AC_NUMBER, CHAR_DESTINATION, CHAR_DISTANCE, CHAR_HOURS_FLOWN, CHAR_FUEL_GALLONS, CHAR_OIL_QTS, CUS_CODE) VALUES ('10009', '2022-01-18', '2289L', 'GNV', 1574, 6.6, 459.9, 0, 10017);

-- Table: CUSTOMER
CREATE TABLE IF NOT EXISTS CUSTOMER (CUS_CODE INTEGER PRIMARY KEY UNIQUE NOT NULL, CUS_LNAME TEXT, CUS_FNAME TEXT, CUS_INITIAL TEXT (1), CUS_AREACODE TEXT (3), CUS_PHONE TEXT, CUS_BALANCE REAL);
INSERT INTO CUSTOMER (CUS_CODE, CUS_LNAME, CUS_FNAME, CUS_INITIAL, CUS_AREACODE, CUS_PHONE, CUS_BALANCE) VALUES (10010, 'Ramas', 'Alfred', 'A', '615', '844-2573', 0.0);
INSERT INTO CUSTOMER (CUS_CODE, CUS_LNAME, CUS_FNAME, CUS_INITIAL, CUS_AREACODE, CUS_PHONE, CUS_BALANCE) VALUES (10011, 'Dunne', 'Leona', 'K', '713', '894-1238', 0.0);
INSERT INTO CUSTOMER (CUS_CODE, CUS_LNAME, CUS_FNAME, CUS_INITIAL, CUS_AREACODE, CUS_PHONE, CUS_BALANCE) VALUES (10012, 'Smith', 'Kathy', 'W', '615', '894-2285', 345.86);
INSERT INTO CUSTOMER (CUS_CODE, CUS_LNAME, CUS_FNAME, CUS_INITIAL, CUS_AREACODE, CUS_PHONE, CUS_BALANCE) VALUES (10013, 'Olovski', 'Paul', 'F', '615', '894-2180', 536.75);
INSERT INTO CUSTOMER (CUS_CODE, CUS_LNAME, CUS_FNAME, CUS_INITIAL, CUS_AREACODE, CUS_PHONE, CUS_BALANCE) VALUES (10014, 'Orlando', 'Myron', NULL, '615', '222-1672', 0.0);
INSERT INTO CUSTOMER (CUS_CODE, CUS_LNAME, CUS_FNAME, CUS_INITIAL, CUS_AREACODE, CUS_PHONE, CUS_BALANCE) VALUES (10015, 'O''Brian', 'Amy', 'B', '713', '442-3381', 0.0);
INSERT INTO CUSTOMER (CUS_CODE, CUS_LNAME, CUS_FNAME, CUS_INITIAL, CUS_AREACODE, CUS_PHONE, CUS_BALANCE) VALUES (10016, 'Brown', 'James', 'G', '615', '297-1228', 221.19);
INSERT INTO CUSTOMER (CUS_CODE, CUS_LNAME, CUS_FNAME, CUS_INITIAL, CUS_AREACODE, CUS_PHONE, CUS_BALANCE) VALUES (10017, 'Williams', 'George', NULL, '615', '290-2556', 768.93);
INSERT INTO CUSTOMER (CUS_CODE, CUS_LNAME, CUS_FNAME, CUS_INITIAL, CUS_AREACODE, CUS_PHONE, CUS_BALANCE) VALUES (10018, 'Farris', 'Anne', 'G', '713', '382-7185', 216.55);
INSERT INTO CUSTOMER (CUS_CODE, CUS_LNAME, CUS_FNAME, CUS_INITIAL, CUS_AREACODE, CUS_PHONE, CUS_BALANCE) VALUES (10019, 'Smith', 'Olette', 'K', '615', '297-3809', 0.0);
INSERT INTO CUSTOMER (CUS_CODE, CUS_LNAME, CUS_FNAME, CUS_INITIAL, CUS_AREACODE, CUS_PHONE, CUS_BALANCE) VALUES (11111, 'Header', 'Bob', 'J', '615', '848-2589', 0.0);

-- Table: CUSTOMER2
CREATE TABLE IF NOT EXISTS CUSTOMER2(
    CUS_CODE     INTEGER  PRIMARY KEY
                          UNIQUE
                          NOT NULL,
    CUS_LNAME    TEXT,
    CUS_FNAME    TEXT,
    CUS_INITIAL  TEXT (1),
    CUS_AREACODE TEXT (3),
    CUS_PHONE    TEXT,
    CUS_BALANCE  REAL
);
INSERT INTO CUSTOMER2 (CUS_CODE, CUS_LNAME, CUS_FNAME, CUS_INITIAL, CUS_AREACODE, CUS_PHONE, CUS_BALANCE) VALUES (10010, 'Ramas', 'Alfred', 'A', '615', '844-2573', 0.0);
INSERT INTO CUSTOMER2 (CUS_CODE, CUS_LNAME, CUS_FNAME, CUS_INITIAL, CUS_AREACODE, CUS_PHONE, CUS_BALANCE) VALUES (10011, 'Dunne', 'Leona', 'K', '713', '894-1238', 0.0);
INSERT INTO CUSTOMER2 (CUS_CODE, CUS_LNAME, CUS_FNAME, CUS_INITIAL, CUS_AREACODE, CUS_PHONE, CUS_BALANCE) VALUES (10012, 'Smith', 'Kathy', 'W', '615', '894-2285', 896.54);
INSERT INTO CUSTOMER2 (CUS_CODE, CUS_LNAME, CUS_FNAME, CUS_INITIAL, CUS_AREACODE, CUS_PHONE, CUS_BALANCE) VALUES (10013, 'Olovski', 'Paul', 'F', '615', '894-2180', 1285.19);
INSERT INTO CUSTOMER2 (CUS_CODE, CUS_LNAME, CUS_FNAME, CUS_INITIAL, CUS_AREACODE, CUS_PHONE, CUS_BALANCE) VALUES (10014, 'Orlando', 'Myron', NULL, '615', '222-1672', 673.21);
INSERT INTO CUSTOMER2 (CUS_CODE, CUS_LNAME, CUS_FNAME, CUS_INITIAL, CUS_AREACODE, CUS_PHONE, CUS_BALANCE) VALUES (10015, 'O''Brian', 'Amy', 'B', '713', '442-3381', 1014.56);
INSERT INTO CUSTOMER2 (CUS_CODE, CUS_LNAME, CUS_FNAME, CUS_INITIAL, CUS_AREACODE, CUS_PHONE, CUS_BALANCE) VALUES (10016, 'Brown', 'James', 'G', '615', '297-1228', 0.0);
INSERT INTO CUSTOMER2 (CUS_CODE, CUS_LNAME, CUS_FNAME, CUS_INITIAL, CUS_AREACODE, CUS_PHONE, CUS_BALANCE) VALUES (10017, 'Williams', 'George', NULL, '615', '290-2556', 0.0);
INSERT INTO CUSTOMER2 (CUS_CODE, CUS_LNAME, CUS_FNAME, CUS_INITIAL, CUS_AREACODE, CUS_PHONE, CUS_BALANCE) VALUES (10018, 'Farris', 'Anne', 'G', '713', '382-7185', 0.0);
INSERT INTO CUSTOMER2 (CUS_CODE, CUS_LNAME, CUS_FNAME, CUS_INITIAL, CUS_AREACODE, CUS_PHONE, CUS_BALANCE) VALUES (10019, 'Smith', 'Olette', 'K', '615', '297-3809', 453.98);

-- Table: EMP_1
CREATE TABLE IF NOT EXISTS EMP_1 (
    EMP_NUM      TEXT (3)  PRIMARY KEY
                           UNIQUE
                           NOT NULL,
    EMP_LNAME    TEXT (20),
    EMP_FNAME    TEXT (20),
    EMP_INITIAL  TEXT (1),
    EMP_HIREDATE TEXT,
    JOB_CODE     TEXT (3)
);
INSERT INTO EMP_1 (EMP_NUM, EMP_LNAME, EMP_FNAME, EMP_INITIAL, EMP_HIREDATE, JOB_CODE) VALUES ('101', 'News', 'John', 'G', '2014-11-08', '502');
INSERT INTO EMP_1 (EMP_NUM, EMP_LNAME, EMP_FNAME, EMP_INITIAL, EMP_HIREDATE, JOB_CODE) VALUES ('102', 'Senior', 'David', 'H', '2007-07-12', '501');
INSERT INTO EMP_1 (EMP_NUM, EMP_LNAME, EMP_FNAME, EMP_INITIAL, EMP_HIREDATE, JOB_CODE) VALUES ('103', 'Arbough', 'June', 'E', '2016-12-01', '500');
INSERT INTO EMP_1 (EMP_NUM, EMP_LNAME, EMP_FNAME, EMP_INITIAL, EMP_HIREDATE, JOB_CODE) VALUES ('104', 'Ramoras', 'Anne', 'K', '2005-10-15', '501');
INSERT INTO EMP_1 (EMP_NUM, EMP_LNAME, EMP_FNAME, EMP_INITIAL, EMP_HIREDATE, JOB_CODE) VALUES ('105', 'Johnson', 'Alice', 'K', '2013-02-01', '502');
INSERT INTO EMP_1 (EMP_NUM, EMP_LNAME, EMP_FNAME, EMP_INITIAL, EMP_HIREDATE, JOB_CODE) VALUES ('106', 'Smithfield', 'William', NULL, '2010-06-23', '500');
INSERT INTO EMP_1 (EMP_NUM, EMP_LNAME, EMP_FNAME, EMP_INITIAL, EMP_HIREDATE, JOB_CODE) VALUES ('107', 'Alonzo', 'Maria', 'D', '2011-10-10', '500');
INSERT INTO EMP_1 (EMP_NUM, EMP_LNAME, EMP_FNAME, EMP_INITIAL, EMP_HIREDATE, JOB_CODE) VALUES ('108', 'Washington', 'Ralph', 'B', '2009-08-22', '501');
INSERT INTO EMP_1 (EMP_NUM, EMP_LNAME, EMP_FNAME, EMP_INITIAL, EMP_HIREDATE, JOB_CODE) VALUES ('109', 'Smith', 'Larry', 'W', '2019-07-18', '501');

-- Table: EMP_2
CREATE TABLE IF NOT EXISTS EMP_2 (EMP_NUM TEXT (3) PRIMARY KEY UNIQUE NOT NULL, EMP_LNAME TEXT (20), EMP_FNAME TEXT (20), EMP_INITIAL TEXT (1), EMP_HIREDATE TEXT, JOB_CODE TEXT (3), EMP_PCT REAL, PROJ_NUM TEXT REFERENCES PROJECT (PROJ_NUM));
INSERT INTO EMP_2 (EMP_NUM, EMP_LNAME, EMP_FNAME, EMP_INITIAL, EMP_HIREDATE, JOB_CODE, EMP_PCT, PROJ_NUM) VALUES ('101', 'News', 'John', 'G', '2014-11-08', '502', 5.0, NULL);
INSERT INTO EMP_2 (EMP_NUM, EMP_LNAME, EMP_FNAME, EMP_INITIAL, EMP_HIREDATE, JOB_CODE, EMP_PCT, PROJ_NUM) VALUES ('102', 'Senior', 'David', 'H', '2007-07-12', '501', 8.0, NULL);
INSERT INTO EMP_2 (EMP_NUM, EMP_LNAME, EMP_FNAME, EMP_INITIAL, EMP_HIREDATE, JOB_CODE, EMP_PCT, PROJ_NUM) VALUES ('103', 'Arbough', 'June', 'E', '2016-12-01', '500', 3.85, NULL);
INSERT INTO EMP_2 (EMP_NUM, EMP_LNAME, EMP_FNAME, EMP_INITIAL, EMP_HIREDATE, JOB_CODE, EMP_PCT, PROJ_NUM) VALUES ('104', 'Ramoras', 'Anne', 'K', '2005-10-15', '501', 10.0, NULL);
INSERT INTO EMP_2 (EMP_NUM, EMP_LNAME, EMP_FNAME, EMP_INITIAL, EMP_HIREDATE, JOB_CODE, EMP_PCT, PROJ_NUM) VALUES ('105', 'Johnson', 'Alice', 'K', '2013-02-01', '502', 5.0, NULL);
INSERT INTO EMP_2 (EMP_NUM, EMP_LNAME, EMP_FNAME, EMP_INITIAL, EMP_HIREDATE, JOB_CODE, EMP_PCT, PROJ_NUM) VALUES ('106', 'Smithfield', 'William', NULL, '2010-06-23', '500', 6.2, NULL);
INSERT INTO EMP_2 (EMP_NUM, EMP_LNAME, EMP_FNAME, EMP_INITIAL, EMP_HIREDATE, JOB_CODE, EMP_PCT, PROJ_NUM) VALUES ('107', 'Alonzo', 'Maria', 'D', '2011-10-10', '500', 5.15, NULL);
INSERT INTO EMP_2 (EMP_NUM, EMP_LNAME, EMP_FNAME, EMP_INITIAL, EMP_HIREDATE, JOB_CODE, EMP_PCT, PROJ_NUM) VALUES ('108', 'Washington', 'Ralph', 'B', '2009-08-22', '501', 10.0, NULL);
INSERT INTO EMP_2 (EMP_NUM, EMP_LNAME, EMP_FNAME, EMP_INITIAL, EMP_HIREDATE, JOB_CODE, EMP_PCT, PROJ_NUM) VALUES ('109', 'Smith', 'Larry', 'W', '2019-07-18', '501', 2.0, NULL);

-- Table: EMP_2_MOD
CREATE TABLE IF NOT EXISTS EMP_2_MOD (EMP_NUM TEXT (3) PRIMARY KEY UNIQUE NOT NULL, EMP_LNAME TEXT (20), EMP_FNAME TEXT (20), EMP_INITIAL TEXT (1), EMP_HIREDATE TEXT, JOB_CODE TEXT (3), EMP_PCT REAL, PROJ_NUM TEXT REFERENCES PROJECT (PROJ_NUM));
INSERT INTO EMP_2_MOD (EMP_NUM, EMP_LNAME, EMP_FNAME, EMP_INITIAL, EMP_HIREDATE, JOB_CODE, EMP_PCT, PROJ_NUM) VALUES ('109', 'Smith', 'Larry', 'W', '2019-07-18', '501', 2.0, NULL);
INSERT INTO EMP_2_MOD (EMP_NUM, EMP_LNAME, EMP_FNAME, EMP_INITIAL, EMP_HIREDATE, JOB_CODE, EMP_PCT, PROJ_NUM) VALUES ('108', 'Washington', 'Ralph', 'B', '2009-08-22', '501', 10.0, NULL);
INSERT INTO EMP_2_MOD (EMP_NUM, EMP_LNAME, EMP_FNAME, EMP_INITIAL, EMP_HIREDATE, JOB_CODE, EMP_PCT, PROJ_NUM) VALUES ('107', 'Alonzo', 'Maria', 'D', '2011-10-10', '500', 5.15, '18');
INSERT INTO EMP_2_MOD (EMP_NUM, EMP_LNAME, EMP_FNAME, EMP_INITIAL, EMP_HIREDATE, JOB_CODE, EMP_PCT, PROJ_NUM) VALUES ('106', 'Smithfield', 'William', NULL, '2010-06-23', '500', 6.2, '18');
INSERT INTO EMP_2_MOD (EMP_NUM, EMP_LNAME, EMP_FNAME, EMP_INITIAL, EMP_HIREDATE, JOB_CODE, EMP_PCT, PROJ_NUM) VALUES ('105', 'Johnson', 'Alice', 'K', '2013-02-01', '502', 5.0, '25');
INSERT INTO EMP_2_MOD (EMP_NUM, EMP_LNAME, EMP_FNAME, EMP_INITIAL, EMP_HIREDATE, JOB_CODE, EMP_PCT, PROJ_NUM) VALUES ('104', 'Ramoras', 'Anne', 'K', '2005-10-15', '501', 10.0, NULL);
INSERT INTO EMP_2_MOD (EMP_NUM, EMP_LNAME, EMP_FNAME, EMP_INITIAL, EMP_HIREDATE, JOB_CODE, EMP_PCT, PROJ_NUM) VALUES ('103', 'Arbough', 'June', 'E', '2016-12-01', '500', 3.85, '18');
INSERT INTO EMP_2_MOD (EMP_NUM, EMP_LNAME, EMP_FNAME, EMP_INITIAL, EMP_HIREDATE, JOB_CODE, EMP_PCT, PROJ_NUM) VALUES ('102', 'Senior', 'David', 'H', '2007-07-12', '501', 8.0, NULL);
INSERT INTO EMP_2_MOD (EMP_NUM, EMP_LNAME, EMP_FNAME, EMP_INITIAL, EMP_HIREDATE, JOB_CODE, EMP_PCT, PROJ_NUM) VALUES ('101', 'News', 'John', 'G', '2014-11-08', '502', 5.0, '25');

-- Table: INVOICE
CREATE TABLE IF NOT EXISTS INVOICE (INV_NUMBER TEXT PRIMARY KEY UNIQUE NOT NULL, CUS_CODE TEXT REFERENCES Customer (CUS_CODE), INV_DATE TEXT);
INSERT INTO INVOICE (INV_NUMBER, CUS_CODE, INV_DATE) VALUES ('1008', '10011', '2022-01-17');
INSERT INTO INVOICE (INV_NUMBER, CUS_CODE, INV_DATE) VALUES ('1007', '10015', '2022-01-17');
INSERT INTO INVOICE (INV_NUMBER, CUS_CODE, INV_DATE) VALUES ('1006', '10014', '2022-01-17');
INSERT INTO INVOICE (INV_NUMBER, CUS_CODE, INV_DATE) VALUES ('1005', '10018', '2022-01-17');
INSERT INTO INVOICE (INV_NUMBER, CUS_CODE, INV_DATE) VALUES ('1004', '10011', '2022-01-17');
INSERT INTO INVOICE (INV_NUMBER, CUS_CODE, INV_DATE) VALUES ('1003', '10012', '2022-01-16');
INSERT INTO INVOICE (INV_NUMBER, CUS_CODE, INV_DATE) VALUES ('1002', '10011', '2022-01-16');
INSERT INTO INVOICE (INV_NUMBER, CUS_CODE, INV_DATE) VALUES ('1001', '10014', '2022-01-16');

-- Table: LINE
CREATE TABLE IF NOT EXISTS LINE (INV_NUMBER TEXT NOT NULL REFERENCES INVOICE (INV_NUMBER), LINE_NUMBER TEXT, P_CODE TEXT, LINE_UNITS NUMERIC, LINE_PRICE REAL, PRIMARY KEY (INV_NUMBER, LINE_NUMBER));
INSERT INTO LINE (INV_NUMBER, LINE_NUMBER, P_CODE, LINE_UNITS, LINE_PRICE) VALUES ('1001', '1', '13-Q27/P2', 1, 14.99);
INSERT INTO LINE (INV_NUMBER, LINE_NUMBER, P_CODE, LINE_UNITS, LINE_PRICE) VALUES ('1001', '2', '23109-HB', 1, 9.95);
INSERT INTO LINE (INV_NUMBER, LINE_NUMBER, P_CODE, LINE_UNITS, LINE_PRICE) VALUES ('1003', '1', '2238/QPD', 1, 38.95);
INSERT INTO LINE (INV_NUMBER, LINE_NUMBER, P_CODE, LINE_UNITS, LINE_PRICE) VALUES ('1002', '1', '54778-2T', 2, 4.99);
INSERT INTO LINE (INV_NUMBER, LINE_NUMBER, P_CODE, LINE_UNITS, LINE_PRICE) VALUES ('1003', '2', '1546-QQ2', 1, 39.95);
INSERT INTO LINE (INV_NUMBER, LINE_NUMBER, P_CODE, LINE_UNITS, LINE_PRICE) VALUES ('1003', '3', '13-Q2/P2', 5, 14.99);
INSERT INTO LINE (INV_NUMBER, LINE_NUMBER, P_CODE, LINE_UNITS, LINE_PRICE) VALUES ('1004', '1', '54778-2T', 3, 4.99);
INSERT INTO LINE (INV_NUMBER, LINE_NUMBER, P_CODE, LINE_UNITS, LINE_PRICE) VALUES ('1004', '2', '23109-HB', 2, 9.95);
INSERT INTO LINE (INV_NUMBER, LINE_NUMBER, P_CODE, LINE_UNITS, LINE_PRICE) VALUES ('1005', '1', 'PVC23DRT', 12, 5.87);
INSERT INTO LINE (INV_NUMBER, LINE_NUMBER, P_CODE, LINE_UNITS, LINE_PRICE) VALUES ('1006', '1', 'SM-18277', 3, 6.99);
INSERT INTO LINE (INV_NUMBER, LINE_NUMBER, P_CODE, LINE_UNITS, LINE_PRICE) VALUES ('1006', '2', '2232/QTY', 1, 109.92);
INSERT INTO LINE (INV_NUMBER, LINE_NUMBER, P_CODE, LINE_UNITS, LINE_PRICE) VALUES ('1006', '4', '89-WRE-Q', 1, 256.99);
INSERT INTO LINE (INV_NUMBER, LINE_NUMBER, P_CODE, LINE_UNITS, LINE_PRICE) VALUES ('1007', '1', '13-Q2/P2', 2, 14.99);
INSERT INTO LINE (INV_NUMBER, LINE_NUMBER, P_CODE, LINE_UNITS, LINE_PRICE) VALUES ('1006', '3', '23109-HB', 1, 9.95);
INSERT INTO LINE (INV_NUMBER, LINE_NUMBER, P_CODE, LINE_UNITS, LINE_PRICE) VALUES ('1007', '2', '54778-2T', 1, 4.99);
INSERT INTO LINE (INV_NUMBER, LINE_NUMBER, P_CODE, LINE_UNITS, LINE_PRICE) VALUES ('1008', '1', 'PVC23DRT', 5, 5.87);
INSERT INTO LINE (INV_NUMBER, LINE_NUMBER, P_CODE, LINE_UNITS, LINE_PRICE) VALUES ('1008', '2', 'WR3/TT3', 3, 119.95);
INSERT INTO LINE (INV_NUMBER, LINE_NUMBER, P_CODE, LINE_UNITS, LINE_PRICE) VALUES ('1008', '3', '23109-HB', 1, 9.95);

-- Table: PRODUCT
CREATE TABLE IF NOT EXISTS PRODUCT (P_CODE TEXT PRIMARY KEY UNIQUE NOT NULL, P_DESCRIPT TEXT (50), P_INDATE TEXT, P_ONHAND INTEGER, P_MIN INTEGER, P_PRICE REAL, P_DISCOUNT REAL DEFAULT (0), V_CODE TEXT (5) REFERENCES VENDOR (V_CODE));
INSERT INTO PRODUCT (P_CODE, P_DESCRIPT, P_INDATE, P_ONHAND, P_MIN, P_PRICE, P_DISCOUNT, V_CODE) VALUES ('11QER/31', 'Power painter, 15 psi., 3-nozzle', '2021-10-03', 8, 5, 109.99, 0.0, '25595');
INSERT INTO PRODUCT (P_CODE, P_DESCRIPT, P_INDATE, P_ONHAND, P_MIN, P_PRICE, P_DISCOUNT, V_CODE) VALUES ('13-Q2/P2', '7.25-in.  pwr.  saw blade', '2021-12-13', 32, 15, 14.99, 0.05, '21344');
INSERT INTO PRODUCT (P_CODE, P_DESCRIPT, P_INDATE, P_ONHAND, P_MIN, P_PRICE, P_DISCOUNT, V_CODE) VALUES ('14-Q1/L3', '9.99-in.  pwr.  saw blade', '2021-11-13', 18, 12, 17.49, 0.0, '21344');
INSERT INTO PRODUCT (P_CODE, P_DESCRIPT, P_INDATE, P_ONHAND, P_MIN, P_PRICE, P_DISCOUNT, V_CODE) VALUES ('1546-QQ2', 'Hrd. cloth, 1/4-in., 2x50', '2022-01-15', 15, 8, 39.95, 0.0, '23119');
INSERT INTO PRODUCT (P_CODE, P_DESCRIPT, P_INDATE, P_ONHAND, P_MIN, P_PRICE, P_DISCOUNT, V_CODE) VALUES ('1558-QW1', 'Hrd. cloth, 1/2-in., 3x50', '2022-01-15', 23, 5, 43.99, 0.0, '23119');
INSERT INTO PRODUCT (P_CODE, P_DESCRIPT, P_INDATE, P_ONHAND, P_MIN, P_PRICE, P_DISCOUNT, V_CODE) VALUES ('2232/QTY', 'B&D jigsaw, 12-in. blade', '2021-12-30', 8, 5, 109.92, 0.05, '24288');
INSERT INTO PRODUCT (P_CODE, P_DESCRIPT, P_INDATE, P_ONHAND, P_MIN, P_PRICE, P_DISCOUNT, V_CODE) VALUES ('2232/QWE', 'B&D jigsaw,8-in. blade', '2021-12-24', 6, 5, 99.87, 0.05, '24288');
INSERT INTO PRODUCT (P_CODE, P_DESCRIPT, P_INDATE, P_ONHAND, P_MIN, P_PRICE, P_DISCOUNT, V_CODE) VALUES ('2238/QPD', 'B&D cordless drill, 1/2-in.', '2022-01-20', 12, 5, 38.95, 0.05, '25595');
INSERT INTO PRODUCT (P_CODE, P_DESCRIPT, P_INDATE, P_ONHAND, P_MIN, P_PRICE, P_DISCOUNT, V_CODE) VALUES ('23109-HB', 'Claw hammer', '2022-01-20', 23, 10, 9.95, 0.1, '21225');
INSERT INTO PRODUCT (P_CODE, P_DESCRIPT, P_INDATE, P_ONHAND, P_MIN, P_PRICE, P_DISCOUNT, V_CODE) VALUES ('23114-AA', 'Sledge hammer, 12 lb.', '2022-01-02', 8, 5, 14.4, 0.05, NULL);
INSERT INTO PRODUCT (P_CODE, P_DESCRIPT, P_INDATE, P_ONHAND, P_MIN, P_PRICE, P_DISCOUNT, V_CODE) VALUES ('54778-2T', 'Rat-tail file, 1/8-in. fine', '2021-12-15', 43, 20, 4.99, 0.0, '21344');
INSERT INTO PRODUCT (P_CODE, P_DESCRIPT, P_INDATE, P_ONHAND, P_MIN, P_PRICE, P_DISCOUNT, V_CODE) VALUES ('89-WRE-Q', 'Hicut chain saw, 16 in.', '2022-02-07', 11, 5, 256.99, 0.05, '24288');
INSERT INTO PRODUCT (P_CODE, P_DESCRIPT, P_INDATE, P_ONHAND, P_MIN, P_PRICE, P_DISCOUNT, V_CODE) VALUES ('PVC23DRT', 'PVC pipe, 3.5-in., 8-ft', '2022-02-20', 188, 75, 5.87, 0.0, NULL);
INSERT INTO PRODUCT (P_CODE, P_DESCRIPT, P_INDATE, P_ONHAND, P_MIN, P_PRICE, P_DISCOUNT, V_CODE) VALUES ('SM-18277', '1.25-in. metal screw,  25', '2022-03-01', 172, 75, 6.99, 0.0, '21225');
INSERT INTO PRODUCT (P_CODE, P_DESCRIPT, P_INDATE, P_ONHAND, P_MIN, P_PRICE, P_DISCOUNT, V_CODE) VALUES ('SW-23116', '2.5-in. wd. screw,  50', '2022-02-24', 237, 100, 8.45, 0.0, '21231');
INSERT INTO PRODUCT (P_CODE, P_DESCRIPT, P_INDATE, P_ONHAND, P_MIN, P_PRICE, P_DISCOUNT, V_CODE) VALUES ('WR3/TT3', 'Steel matting, 4''x8''x1/6'''', .5'''' mesh', '2022-01-17', 18, 5, 119.95, 0.1, '25595');

-- Table: PROJECT
CREATE TABLE IF NOT EXISTS PROJECT (PROJ_NUM TEXT PRIMARY KEY UNIQUE NOT NULL, PROJ_NAME TEXT, EMP_NUM TEXT (3) REFERENCES EMP_2_MOD (EMP_NUM));
INSERT INTO PROJECT (PROJ_NUM, PROJ_NAME, EMP_NUM) VALUES ('25', 'Starflight', '107');
INSERT INTO PROJECT (PROJ_NUM, PROJ_NAME, EMP_NUM) VALUES ('22', 'Rolling Tide', '102');
INSERT INTO PROJECT (PROJ_NUM, PROJ_NAME, EMP_NUM) VALUES ('18', 'Amber Wave', '108');
INSERT INTO PROJECT (PROJ_NUM, PROJ_NAME, EMP_NUM) VALUES ('15', 'Evergreen', '103');

-- Table: VENDOR
CREATE TABLE IF NOT EXISTS VENDOR (V_CODE TEXT (5) PRIMARY KEY UNIQUE NOT NULL, V_NAME TEXT (30), V_CONTACT TEXT (20), V_AREACODE TEXT (3), V_PHONE TEXT, V_STATE TEXT (2), V_ORDER TEXT (1));
INSERT INTO VENDOR (V_CODE, V_NAME, V_CONTACT, V_AREACODE, V_PHONE, V_STATE, V_ORDER) VALUES ('21225', 'Bryson, Inc.', 'Smithson', '615', '223-3234', 'TN', 'Y');
INSERT INTO VENDOR (V_CODE, V_NAME, V_CONTACT, V_AREACODE, V_PHONE, V_STATE, V_ORDER) VALUES ('21226', 'SuperLoo, Inc. ', 'Flushing', '904', '215-8995', 'FL', 'N');
INSERT INTO VENDOR (V_CODE, V_NAME, V_CONTACT, V_AREACODE, V_PHONE, V_STATE, V_ORDER) VALUES ('21231', 'D&E Supply', 'Singh', '615', '228-3245', 'TN', 'Y');
INSERT INTO VENDOR (V_CODE, V_NAME, V_CONTACT, V_AREACODE, V_PHONE, V_STATE, V_ORDER) VALUES ('21344', 'Gomez Bros.', 'Ortega', '615', '889-2546', 'KY', 'N');
INSERT INTO VENDOR (V_CODE, V_NAME, V_CONTACT, V_AREACODE, V_PHONE, V_STATE, V_ORDER) VALUES ('22567', 'Dome Supply', 'Smith', '901', '678-1419', 'GA', 'N');
INSERT INTO VENDOR (V_CODE, V_NAME, V_CONTACT, V_AREACODE, V_PHONE, V_STATE, V_ORDER) VALUES ('23119', 'Randsets Ltd.', 'Anderson', '901', '678-3998', 'GA', 'Y');
INSERT INTO VENDOR (V_CODE, V_NAME, V_CONTACT, V_AREACODE, V_PHONE, V_STATE, V_ORDER) VALUES ('24004', 'Brackman Bros.', 'Browning', '615', '228-1410', 'TN', 'N');
INSERT INTO VENDOR (V_CODE, V_NAME, V_CONTACT, V_AREACODE, V_PHONE, V_STATE, V_ORDER) VALUES ('24288', 'ORDVA, Inc. ', 'Hakford', '615', '898-1234', 'TN', 'Y');
INSERT INTO VENDOR (V_CODE, V_NAME, V_CONTACT, V_AREACODE, V_PHONE, V_STATE, V_ORDER) VALUES ('25443', 'B&K, Inc.', 'Smith', '904', '227-0093', 'FL', 'N');
INSERT INTO VENDOR (V_CODE, V_NAME, V_CONTACT, V_AREACODE, V_PHONE, V_STATE, V_ORDER) VALUES ('25501', 'Damal Supplies', 'Smythe', '615', '890-3526', 'TN', 'N');
INSERT INTO VENDOR (V_CODE, V_NAME, V_CONTACT, V_AREACODE, V_PHONE, V_STATE, V_ORDER) VALUES ('25595', 'Rubicon Sis.', 'Orton', '904', '456-0092', 'FL', 'Y');

COMMIT TRANSACTION;
PRAGMA foreign_keys = on;
